Maxi Dresses,https://www.shein.com/global-Maxi-Dresses-vc-49726.html?icn=maxidress&ici=www_navbar05menu04dir01
Casual Dresses,https://www.shein.com/WWW-Casual-Dresses-vc-32232.html?icn=casualdress&ici=www_navbar05menu04dir02
Bodycon Dresses,https://www.shein.com/WWW-Bodycon-Dresses-vc-32236.html?icn=bodycondress&ici=www_navbar05menu04dir03
Long Sleeve Dresses,https://www.shein.com/Global-Long-Sleeve-Dresses-Y-vc-41477.html?icn=longsleevedress&ici=www_navbar05menu04dir04
Midi Dresses,https://www.shein.com/Global-Midi-Dresses-Y-vc-41479.html?icn=mididress&ici=www_navbar05menu04dir05
Floral Dresses,https://www.shein.com/global-floral-dresses-vc-66297.html?icn=floraldress&ici=www_navbar05menu06dir01
White Dresses,https://www.shein.com/Global-White-Dresses-Y-vc-41487.html?icn=whitedress&ici=www_navbar05menu06dir02
Red Dresses,https://www.shein.com/Global-Red-Dresses-Y-vc-41488.html?icn=reddress&ici=www_navbar05menu06dir03
Black Dresses,https://www.shein.com/Global-Black-Dresses-Y-vc-41486.html?icn=blackdress&ici=www_navbar05menu06dir04
Pink Dresses,https://www.shein.com/global-Pink-Dresses-vc-58456.html?icn=pinkdresses180227&ici=www_navbar05menu06dir05
Boho Dresses,https://www.shein.com/WWW-Boho-Dresses-vc-32233.html?icn=bohodress&ici=www_navbar05menu05dir01
Sexy Dresses,https://www.shein.com/global-Sexy-Dresses-vc-49727.html?icn=sexydress&ici=www_navbar05menu05dir02
Embroidery Dresses,https://www.shein.com/WWW-Embroidery-Dresses-vc-32240.html?icn=embroiderydress&ici=www_navbar05menu05dir03
Plaid Dresses,https://www.shein.com/Global-Plaid-Dresses-Y-vc-41827.html?icn=Plaid&ici=www_navbar05menu05dir04
Off Shoulder Dresses,https://www.shein.com/global-Off-Shoulder-Dresses-vc-58455.html?icn=OffShoulderDresses180227&ici=www_navbar05menu05dir05
Vacation Dresses,https://www.shein.com/global-Off-Shoulder-Dresses-vc-58455.html?icn=OffShoulderDresses180227&ici=www_navbar05menu05dir05
Formal,https://www.shein.com/WWW-Formal-Dresses-vc-18625.html?icn=formaldresses&ici=www_navbar05menu07dir02
Working,https://www.shein.com/Global-Working-Dresses-Y-vc-41483.html?icn=workingdresses&ici=www_navbar05menu07dir03
Party,https://www.shein.com/Global-Party-Dresses-Y-vc-41482.html?icn=partydresses&ici=www_navbar05menu07dir04
Going Out,https://www.shein.com/global-Going-Out-Dresses-vc-49728.html?icn=goingoutdress&ici=www_navbar05menu07dir05
